timestamp, x, y, z, mag, azimuth, altitude
11:37:23.821,   0.0000,   0.0000,   0.0000,   0.0000,    0.000,    0.000
11:37:28.610,   0.0000,   0.0000,   0.0000,   0.0000,    0.000,    0.000
11:37:29.153,   0.0000,   0.0000,   0.0000,   0.0000,    0.000,    0.000
11:37:29.154,   0.0000,   0.0000,   0.0000,   0.0000,    0.000,    0.000
11:37:29.698,   0.0000,   0.0000,   0.0000,   0.0000,    0.000,    0.000
11:37:29.699,   0.0000,   0.0000,   0.0000,   0.0000,    0.000,    0.000
11:37:30.244,   0.0000,   0.0000,   0.0000,   0.0000,    0.000,    0.000
11:37:30.245,   0.0000,   0.0000,   0.0000,   0.0000,    0.000,    0.000
11:37:30.802,   0.0000,   0.0000,   0.0000,   0.0000,    0.000,    0.000
11:37:30.803,   0.0000,   0.0000,   0.0000,   0.0000,    0.000,    0.000
11:37:31.352,  -0.1302,   0.0000,   0.0000,   0.1302,    0.000,    0.000
11:37:31.447,  -0.1302,   0.2504,   0.0000,   0.2822,    0.000,    0.000
11:37:31.448,  -0.1302,   0.2504,   0.2216,   0.3589,  228.489,  242.518
11:37:31.557,  -0.1302,   0.2504,   0.2216,   0.3589,  228.489,  242.518
11:37:31.557,  -0.1302,   0.2504,   0.2216,   0.3588,  228.489,  242.518
11:37:31.789,  -0.1302,   0.2501,   0.2216,   0.3586,  228.489,  242.518
11:37:31.790,  -0.1302,   0.2501,   0.2213,   0.3584,  228.486,  242.492
11:37:31.898,  -0.1302,   0.2501,   0.2213,   0.3584,  228.486,  242.492
11:37:31.899,  -0.1303,   0.2501,   0.2213,   0.3585,  228.486,  242.492
11:37:32.119,  -0.1303,   0.2500,   0.2213,   0.3584,  228.486,  242.492
11:37:32.228,  -0.1303,   0.2500,   0.2213,   0.3584,  228.487,  242.467
11:37:32.229,  -0.1303,   0.2500,   0.2213,   0.3584,  228.487,  242.467
11:37:32.230,  -0.1304,   0.2500,   0.2213,   0.3584,  228.487,  242.467
11:37:32.553,  -0.1304,   0.2500,   0.2213,   0.3584,  228.487,  242.467
11:37:32.554,  -0.1304,   0.2500,   0.2214,   0.3585,  228.472,  242.456
11:37:32.555,  -0.1304,   0.2500,   0.2214,   0.3585,  228.472,  242.456
11:37:32.556,  -0.1303,   0.2500,   0.2214,   0.3584,  228.472,  242.456
11:37:32.882,  -0.1303,   0.2500,   0.2214,   0.3585,  228.472,  242.456
11:37:32.883,  -0.1303,   0.2500,   0.2212,   0.3584,  228.498,  242.473
11:37:32.883,  -0.1303,   0.2500,   0.2212,   0.3584,  228.498,  242.473
11:37:32.884,  -0.1302,   0.2500,   0.2212,   0.3583,  228.498,  242.473
11:37:33.205,  -0.1302,   0.2502,   0.2212,   0.3585,  228.498,  242.473
11:37:33.205,  -0.1302,   0.2502,   0.2213,   0.3585,  228.507,  242.512
11:37:33.206,  -0.1302,   0.2502,   0.2213,   0.3585,  228.507,  242.512
11:37:33.315,  -0.1302,   0.2502,   0.2213,   0.3585,  228.507,  242.512
11:37:33.530,  -0.1302,   0.2501,   0.2213,   0.3585,  228.507,  242.512
11:37:33.531,  -0.1302,   0.2501,   0.2214,   0.3585,  228.489,  242.503
11:37:33.641,  -0.1302,   0.2501,   0.2214,   0.3585,  228.489,  242.503
11:37:33.641,  -0.1303,   0.2501,   0.2214,   0.3585,  228.489,  242.503
11:37:33.856,  -0.1303,   0.2499,   0.2214,   0.3584,  228.489,  242.503
11:37:33.964,  -0.1303,   0.2499,   0.2214,   0.3584,  228.468,  242.458
11:37:33.965,  -0.1303,   0.2499,   0.2214,   0.3584,  228.468,  242.458
11:37:33.965,  -0.1302,   0.2499,   0.2214,   0.3584,  228.468,  242.458
11:37:34.305,  -0.1302,   0.2500,   0.2214,   0.3584,  228.468,  242.458
11:37:34.306,  -0.1302,   0.2500,   0.2212,   0.3583,  228.498,  242.489
11:37:34.306,  -0.1302,   0.2500,   0.2212,   0.3583,  228.498,  242.489
11:37:34.307,  -0.1304,   0.2500,   0.2212,   0.3584,  228.498,  242.489
11:37:34.633,  -0.1304,   0.2500,   0.2212,   0.3584,  228.498,  242.489
11:37:34.634,  -0.1304,   0.2500,   0.2213,   0.3584,  228.491,  242.459
11:37:34.635,  -0.1304,   0.2500,   0.2213,   0.3584,  228.491,  242.459
11:37:34.635,  -0.1301,   0.2500,   0.2213,   0.3583,  228.491,  242.459
11:37:34.962,  -0.1301,   0.2502,   0.2213,   0.3585,  228.491,  242.459
11:37:34.963,  -0.1301,   0.2502,   0.2214,   0.3585,  228.499,  242.523
11:37:34.963,  -0.1301,   0.2502,   0.2214,   0.3585,  228.499,  242.523
11:37:34.964,  -0.1303,   0.2502,   0.2214,   0.3586,  228.499,  242.523
11:37:35.286,  -0.1303,   0.2501,   0.2214,   0.3585,  228.499,  242.523
11:37:35.287,  -0.1303,   0.2501,   0.2214,   0.3585,  228.485,  242.487
11:37:35.288,  -0.1303,   0.2501,   0.2214,   0.3585,  228.485,  242.487
11:37:35.394,  -0.1302,   0.2501,   0.2214,   0.3585,  228.485,  242.487
11:37:35.615,  -0.1302,   0.2500,   0.2214,   0.3584,  228.485,  242.487
11:37:35.615,  -0.1302,   0.2500,   0.2214,   0.3585,  228.467,  242.481
11:37:35.723,  -0.1302,   0.2500,   0.2214,   0.3585,  228.467,  242.481
11:37:35.724,  -0.1303,   0.2500,   0.2214,   0.3585,  228.467,  242.481
11:37:35.943,  -0.1303,   0.2500,   0.2214,   0.3585,  228.467,  242.481
11:37:36.051,  -0.1303,   0.2500,   0.2211,   0.3583,  228.507,  242.475
11:37:36.051,  -0.1303,   0.2500,   0.2211,   0.3583,  228.507,  242.475
11:37:36.052,  -0.1302,   0.2500,   0.2211,   0.3583,  228.507,  242.475
11:37:36.373,  -0.1302,   0.2500,   0.2211,   0.3583,  228.507,  242.475
11:37:36.374,  -0.1302,   0.2500,   0.2213,   0.3584,  228.480,  242.478
11:37:36.374,  -0.1302,   0.2500,   0.2213,   0.3584,  228.480,  242.478
11:37:36.375,  -0.1302,   0.2500,   0.2213,   0.3583,  228.480,  242.478
11:37:36.701,  -0.1302,   0.2502,   0.2213,   0.3585,  228.480,  242.478
11:37:36.702,  -0.1302,   0.2502,   0.2213,   0.3585,  228.511,  242.520
11:37:36.702,  -0.1302,   0.2502,   0.2213,   0.3585,  228.511,  242.520
11:37:36.703,  -0.1302,   0.2502,   0.2213,   0.3585,  228.511,  242.520
11:37:37.028,  -0.1302,   0.2502,   0.2213,   0.3585,  228.511,  242.520
11:37:37.029,  -0.1302,   0.2502,   0.2214,   0.3585,  228.496,  242.509
11:37:37.030,  -0.1302,   0.2502,   0.2214,   0.3585,  228.496,  242.509
11:37:37.136,  -0.1301,   0.2502,   0.2214,   0.3585,  228.496,  242.509
11:37:37.354,  -0.1301,   0.2501,   0.2214,   0.3585,  228.496,  242.509
11:37:37.355,  -0.1301,   0.2501,   0.2215,   0.3585,  228.477,  242.514
11:37:37.355,  -0.1301,   0.2501,   0.2215,   0.3585,  228.477,  242.514
11:37:37.478,  -0.1304,   0.2501,   0.2215,   0.3586,  228.477,  242.514
11:37:37.682,  -0.1304,   0.2501,   0.2215,   0.3586,  228.477,  242.514
11:37:37.806,  -0.1304,   0.2501,   0.2214,   0.3585,  228.478,  242.464
11:37:37.806,  -0.1304,   0.2501,   0.2214,   0.3585,  228.478,  242.464
11:37:37.807,  -0.1303,   0.2501,   0.2214,   0.3585,  228.478,  242.464
11:37:38.021,  -0.1303,   0.2500,   0.2214,   0.3585,  228.478,  242.464
11:37:38.130,  -0.1303,   0.2500,   0.2213,   0.3584,  228.483,  242.464
11:37:38.130,  -0.1303,   0.2500,   0.2213,   0.3584,  228.483,  242.464
11:37:38.131,  -0.1302,   0.2500,   0.2213,   0.3584,  228.483,  242.464
11:37:38.459,  -0.1302,   0.2500,   0.2213,   0.3584,  228.483,  242.464
11:37:38.459,  -0.1302,   0.2500,   0.2213,   0.3584,  228.490,  242.484
11:37:38.460,  -0.1302,   0.2500,   0.2213,   0.3584,  228.490,  242.484
11:37:38.461,  -0.1302,   0.2500,   0.2213,   0.3584,  228.490,  242.484
11:37:38.789,  -0.1302,   0.2502,   0.2213,   0.3585,  228.490,  242.484
11:37:38.789,  -0.1302,   0.2502,   0.2214,   0.3586,  228.489,  242.495
11:37:38.790,  -0.1302,   0.2502,   0.2214,   0.3586,  228.489,  242.495
11:37:38.791,  -0.1302,   0.2502,   0.2214,   0.3585,  228.489,  242.495
11:37:39.119,  -0.1302,   0.2502,   0.2214,   0.3585,  228.489,  242.495
11:37:39.120,  -0.1302,   0.2502,   0.2213,   0.3585,  228.500,  242.500
11:37:39.121,  -0.1302,   0.2502,   0.2213,   0.3585,  228.500,  242.500
11:37:39.121,  -0.1302,   0.2502,   0.2213,   0.3585,  228.500,  242.500
11:37:39.441,  -0.1302,   0.2501,   0.2213,   0.3585,  228.500,  242.500
11:37:39.442,  -0.1302,   0.2501,   0.2214,   0.3585,  228.489,  242.503
11:37:39.552,  -0.1302,   0.2501,   0.2214,   0.3585,  228.489,  242.503
11:37:39.552,  -0.1302,   0.2501,   0.2214,   0.3585,  228.489,  242.503
11:37:39.769,  -0.1302,   0.2499,   0.2214,   0.3584,  228.489,  242.503
11:37:39.770,  -0.1302,   0.2499,   0.2212,   0.3582,  228.496,  242.480
11:37:39.878,  -0.1302,   0.2499,   0.2212,   0.3582,  228.496,  242.480
11:37:39.879,  -0.1302,   0.2499,   0.2212,   0.3583,  228.496,  242.480
11:37:40.203,  -0.1302,   0.2500,   0.2212,   0.3583,  228.496,  242.480
11:37:40.204,  -0.1302,   0.2500,   0.2213,   0.3583,  228.487,  242.478
11:37:40.205,  -0.1302,   0.2500,   0.2213,   0.3583,  228.487,  242.478
11:37:40.206,  -0.1302,   0.2500,   0.2213,   0.3583,  228.487,  242.478
11:37:40.526,  -0.1302,   0.2502,   0.2213,   0.3585,  228.487,  242.478
11:37:40.527,  -0.1302,   0.2502,   0.2214,   0.3586,  228.503,  242.509
11:37:40.527,  -0.1302,   0.2502,   0.2214,   0.3586,  228.503,  242.509
11:37:40.528,  -0.1302,   0.2502,   0.2214,   0.3586,  228.503,  242.509
11:37:40.866,  -0.1302,   0.2502,   0.2214,   0.3586,  228.503,  242.509
11:37:40.867,  -0.1302,   0.2502,   0.2215,   0.3587,  228.487,  242.504
11:37:40.867,  -0.1302,   0.2502,   0.2215,   0.3587,  228.487,  242.504
11:37:40.868,  -0.1303,   0.2502,   0.2215,   0.3587,  228.487,  242.504
11:37:41.188,  -0.1303,   0.2501,   0.2215,   0.3586,  228.487,  242.504
11:37:41.189,  -0.1303,   0.2501,   0.2214,   0.3585,  228.474,  242.475
11:37:41.190,  -0.1303,   0.2501,   0.2214,   0.3585,  228.474,  242.475
11:37:41.190,  -0.1304,   0.2501,   0.2214,   0.3586,  228.474,  242.475
11:37:41.514,  -0.1304,   0.2499,   0.2214,   0.3585,  228.474,  242.475
11:37:41.515,  -0.1304,   0.2499,   0.2213,   0.3584,  228.484,  242.453
11:37:41.623,  -0.1304,   0.2499,   0.2213,   0.3584,  228.484,  242.453
11:37:41.623,  -0.1302,   0.2499,   0.2213,   0.3583,  228.484,  242.453
11:37:41.844,  -0.1302,   0.2499,   0.2213,   0.3583,  228.484,  242.453
11:37:41.845,  -0.1302,   0.2499,   0.2214,   0.3584,  228.465,  242.478
11:37:41.951,  -0.1302,   0.2499,   0.2214,   0.3584,  228.465,  242.478
11:37:41.952,  -0.1302,   0.2499,   0.2214,   0.3583,  228.465,  242.478
11:37:42.167,  -0.1302,   0.2502,   0.2214,   0.3585,  228.465,  242.478
11:37:42.398,  -0.1302,   0.2502,   0.2213,   0.3585,  228.515,  242.517
11:37:42.399,  -0.1302,   0.2502,   0.2213,   0.3585,  228.515,  242.517
11:37:42.400,  -0.1302,   0.2502,   0.2213,   0.3585,  228.515,  242.517
11:37:42.616,  -0.1302,   0.2502,   0.2213,   0.3585,  228.515,  242.517
11:37:42.616,  -0.1302,   0.2502,   0.2213,   0.3585,  228.496,  242.495
11:37:42.617,  -0.1302,   0.2502,   0.2213,   0.3585,  228.496,  242.495
11:37:42.618,  -0.1302,   0.2502,   0.2213,   0.3585,  228.496,  242.495
11:37:42.945,  -0.1302,   0.2501,   0.2213,   0.3584,  228.496,  242.495
11:37:42.945,  -0.1302,   0.2501,   0.2214,   0.3585,  228.478,  242.492
11:37:42.946,  -0.1302,   0.2501,   0.2214,   0.3585,  228.478,  242.492
11:37:42.947,  -0.1303,   0.2501,   0.2214,   0.3585,  228.478,  242.492
11:37:43.270,  -0.1303,   0.2499,   0.2214,   0.3584,  228.478,  242.492
11:37:43.271,  -0.1303,   0.2499,   0.2213,   0.3583,  228.480,  242.461
11:37:43.272,  -0.1303,   0.2499,   0.2213,   0.3583,  228.480,  242.461
11:37:43.273,  -0.1303,   0.2499,   0.2213,   0.3583,  228.480,  242.461
11:37:43.603,  -0.1303,   0.2500,   0.2213,   0.3583,  228.480,  242.461
11:37:43.604,  -0.1303,   0.2500,   0.2213,   0.3584,  228.480,  242.472
11:37:43.705,  -0.1303,   0.2500,   0.2213,   0.3584,  228.480,  242.472
11:37:43.706,  -0.1302,   0.2500,   0.2213,   0.3584,  228.480,  242.472
11:37:43.925,  -0.1302,   0.2500,   0.2213,   0.3584,  228.480,  242.472
11:37:44.033,  -0.1302,   0.2500,   0.2213,   0.3583,  228.487,  242.478
11:37:44.034,  -0.1302,   0.2500,   0.2213,   0.3583,  228.487,  242.478
11:37:44.035,  -0.1302,   0.2500,   0.2213,   0.3583,  228.487,  242.478
11:37:44.365,  -0.1302,   0.2502,   0.2213,   0.3585,  228.487,  242.478
11:37:44.366,  -0.1302,   0.2502,   0.2216,   0.3586,  228.472,  242.509
11:37:44.366,  -0.1302,   0.2502,   0.2216,   0.3586,  228.472,  242.509
11:37:44.367,  -0.1303,   0.2502,   0.2216,   0.3587,  228.472,  242.509
11:37:44.694,  -0.1303,   0.2502,   0.2216,   0.3587,  228.472,  242.509
11:37:44.695,  -0.1303,   0.2502,   0.2215,   0.3587,  228.476,  242.492
11:37:44.696,  -0.1303,   0.2502,   0.2215,   0.3587,  228.476,  242.492
11:37:44.697,  -0.1303,   0.2502,   0.2215,   0.3587,  228.476,  242.492
11:37:45.020,  -0.1303,   0.2500,   0.2215,   0.3586,  228.476,  242.492
11:37:45.021,  -0.1303,   0.2500,   0.2214,   0.3585,  228.475,  242.478
11:37:45.022,  -0.1303,   0.2500,   0.2214,   0.3585,  228.475,  242.478
11:37:45.023,  -0.1302,   0.2500,   0.2214,   0.3585,  228.475,  242.478
11:37:45.345,  -0.1302,   0.2500,   0.2214,   0.3584,  228.475,  242.478
11:37:45.346,  -0.1302,   0.2500,   0.2212,   0.3583,  228.495,  242.486
11:37:45.347,  -0.1302,   0.2500,   0.2212,   0.3583,  228.495,  242.486
11:37:45.455,  -0.1302,   0.2500,   0.2212,   0.3583,  228.495,  242.486
11:37:45.673,  -0.1302,   0.2499,   0.2212,   0.3582,  228.495,  242.486
11:37:45.674,  -0.1302,   0.2499,   0.2213,   0.3583,  228.469,  242.483
11:37:45.782,  -0.1302,   0.2499,   0.2213,   0.3583,  228.469,  242.483
11:37:45.783,  -0.1301,   0.2499,   0.2213,   0.3583,  228.469,  242.483
11:37:45.999,  -0.1301,   0.2502,   0.2213,   0.3585,  228.469,  242.483
11:37:46.105,  -0.1301,   0.2502,   0.2214,   0.3585,  228.485,  242.517
11:37:46.106,  -0.1301,   0.2502,   0.2214,   0.3585,  228.485,  242.517
11:37:46.106,  -0.1302,   0.2502,   0.2214,   0.3586,  228.485,  242.517
11:37:46.446,  -0.1302,   0.2502,   0.2214,   0.3586,  228.485,  242.517
11:37:46.447,  -0.1302,   0.2502,   0.2215,   0.3587,  228.480,  242.506
11:37:46.448,  -0.1302,   0.2502,   0.2215,   0.3587,  228.480,  242.506
11:37:46.448,  -0.1302,   0.2502,   0.2215,   0.3587,  228.480,  242.506
11:37:46.768,  -0.1302,   0.2501,   0.2215,   0.3586,  228.480,  242.506
11:37:46.769,  -0.1302,   0.2501,   0.2215,   0.3586,  228.473,  242.498
11:37:46.770,  -0.1302,   0.2501,   0.2215,   0.3586,  228.473,  242.498
11:37:46.770,  -0.1302,   0.2501,   0.2215,   0.3586,  228.473,  242.498
11:37:47.090,  -0.1302,   0.2499,   0.2215,   0.3585,  228.473,  242.498
11:37:47.090,  -0.1302,   0.2499,   0.2213,   0.3583,  228.480,  242.475
11:37:47.091,  -0.1302,   0.2499,   0.2213,   0.3583,  228.480,  242.475
11:37:47.092,  -0.1303,   0.2499,   0.2213,   0.3584,  228.480,  242.475
11:37:47.420,  -0.1303,   0.2499,   0.2213,   0.3583,  228.480,  242.475
11:37:47.421,  -0.1303,   0.2499,   0.2213,   0.3583,  228.477,  242.461
11:37:47.529,  -0.1303,   0.2499,   0.2213,   0.3583,  228.477,  242.461
11:37:47.529,  -0.1302,   0.2499,   0.2213,   0.3583,  228.477,  242.461
11:37:47.748,  -0.1302,   0.2501,   0.2213,   0.3584,  228.477,  242.461
11:37:47.749,  -0.1302,   0.2501,   0.2213,   0.3584,  228.501,  242.509
11:37:47.854,  -0.1302,   0.2501,   0.2213,   0.3584,  228.501,  242.509
11:37:47.855,  -0.1303,   0.2501,   0.2213,   0.3585,  228.501,  242.509
11:37:48.087,  -0.1303,   0.2501,   0.2213,   0.3585,  228.501,  242.509
11:37:48.186,  -0.1303,   0.2501,   0.2215,   0.3586,  228.469,  242.487
11:37:48.187,  -0.1303,   0.2501,   0.2215,   0.3586,  228.469,  242.487
11:37:48.188,  -0.1303,   0.2501,   0.2215,   0.3586,  228.469,  242.487
11:37:48.691,  -0.1303,   0.2502,   0.2215,   0.3586,  228.469,  242.487
11:37:48.692,  -0.1303,   0.2502,   0.2215,   0.3586,  228.477,  242.489
11:37:48.693,  -0.1303,   0.2502,   0.2215,   0.3586,  228.477,  242.489
11:37:48.694,  -0.1303,   0.2502,   0.2215,   0.3586,  228.477,  242.489
11:37:48.694,  -0.1303,   0.2502,   0.2215,   0.3586,  228.477,  242.489
,  0.0000,   0.0000,   0.0000,   0.0000,    0.000,    0.000
11:43:24.686,   0.0000,   0.0000,   0.0000,   0.0000,    0.000,    0.000
11:43:24.687,   0.0000,   0.0000,   0.0000,   0.0000,    0.000,    0.000
11:43:25.240,   0.0000,   0.0000,   0.0000,   0.0000,    0.000,    0.000
11:43:25.242,   0.0000,   0.0000,   0.0000,   0.0000,    0.000,    0.000
11:43:25.789,   0.0000,   0.0000,   0.0000,   0.0000,    0.000,    0.000
11:43:25.791,   0.0000,   0.0000,   0.0000,   0.0000,    0.000,    0.000
11:43:26.325,   0.0000,   0.0000,   0.0000,   0.0000,    0.000,    0.000
11:43:26.326,   0.0000,   0.0000,   0.0000,   0.0000,    0.000,    0.000
11:43:26.878,  -0.1303,   0.0000,   0.0000,   0.1303,    0.000,    0.000
11:43:26.990,  -0.1303,   0.2503,   0.0000,   0.2822,    0.000,    0.000
11:43:26.991,  -0.1303,   0.2503,   0.2217,   0.3589,  228.467,  242.498
11:43:26.992,  -0.1303,   0.2503,   0.2217,   0.3589,  228.467,  242.498
11:43:26.993,  -0.1303,   0.2503,   0.2217,   0.3589,  228.467,  242.498
11:43:27.313,  -0.1303,   0.2502,   0.2217,   0.3588,  228.467,  242.498
11:43:27.314,  -0.1303,   0.2502,   0.2214,   0.3586,  228.493,  242.484
11:43:27.420,  -0.1303,   0.2502,   0.2214,   0.3586,  228.493,  242.484
11:43:27.421,  -0.1303,   0.2502,   0.2214,   0.3585,  228.493,  242.484
11:43:27.638,  -0.1303,   0.2501,   0.2214,   0.3585,  228.493,  242.484
11:43:27.747,  -0.1303,   0.2501,   0.2214,   0.3585,  228.482,  242.481
11:43:27.748,  -0.1303,   0.2501,   0.2214,   0.3585,  228.482,  242.481
11:43:27.749,  -0.1302,   0.2501,   0.2214,   0.3585,  228.482,  242.481
11:43:28.088,  -0.1302,   0.2499,   0.2214,   0.3584,  228.482,  242.481
11:43:28.089,  -0.1302,   0.2499,   0.2214,   0.3584,  228.468,  242.475
11:43:28.090,  -0.1302,   0.2499,   0.2214,   0.3584,  228.468,  242.475
11:43:28.091,  -0.1303,   0.2499,   0.2214,   0.3584,  228.468,  242.475
11:43:28.412,  -0.1303,   0.2499,   0.2214,   0.3584,  228.468,  242.475
11:43:28.412,  -0.1303,   0.2499,   0.2214,   0.3584,  228.460,  242.469
11:43:28.413,  -0.1303,   0.2499,   0.2214,   0.3584,  228.460,  242.469
11:43:28.414,  -0.1303,   0.2499,   0.2214,   0.3584,  228.460,  242.469
11:43:28.738,  -0.1303,   0.2501,   0.2214,   0.3585,  228.460,  242.469
11:43:28.739,  -0.1303,   0.2501,   0.2215,   0.3586,  228.474,  242.484
11:43:28.740,  -0.1303,   0.2501,   0.2215,   0.3586,  228.474,  242.484
11:43:28.741,  -0.1304,   0.2501,   0.2215,   0.3586,  228.474,  242.484
11:43:29.064,  -0.1304,   0.2500,   0.2215,   0.3586,  228.474,  242.484
11:43:29.065,  -0.1304,   0.2500,   0.2214,   0.3585,  228.479,  242.462
11:43:29.066,  -0.1304,   0.2500,   0.2214,   0.3585,  228.479,  242.462
11:43:29.067,  -0.1302,   0.2500,   0.2214,   0.3584,  228.479,  242.462
11:43:29.385,  -0.1302,   0.2501,   0.2214,   0.3585,  228.479,  242.462
11:43:29.387,  -0.1302,   0.2501,   0.2214,   0.3585,  228.482,  242.492
11:43:29.508,  -0.1302,   0.2501,   0.2214,   0.3585,  228.482,  242.492
11:43:29.509,  -0.1302,   0.2501,   0.2214,   0.3585,  228.482,  242.492
11:43:29.725,  -0.1302,   0.2500,   0.2214,   0.3584,  228.482,  242.492
11:43:29.726,  -0.1302,   0.2500,   0.2216,   0.3585,  228.452,  242.486
11:43:29.830,  -0.1302,   0.2500,   0.2216,   0.3585,  228.452,  242.486
11:43:29.831,  -0.1303,   0.2500,   0.2216,   0.3586,  228.452,  242.486
11:43:30.155,  -0.1303,   0.2499,   0.2216,   0.3585,  228.452,  242.486
11:43:30.156,  -0.1303,   0.2499,   0.2216,   0.3585,  228.445,  242.469
11:43:30.157,  -0.1303,   0.2499,   0.2216,   0.3585,  228.445,  242.469
11:43:30.158,  -0.1303,   0.2499,   0.2216,   0.3585,  228.445,  242.469
11:43:30.485,  -0.1303,   0.2499,   0.2216,   0.3585,  228.445,  242.469
11:43:30.486,  -0.1303,   0.2499,   0.2216,   0.3586,  228.437,  242.464
11:43:30.487,  -0.1303,   0.2499,   0.2216,   0.3586,  228.437,  242.464
11:43:30.488,  -0.1303,   0.2499,   0.2216,   0.3585,  228.437,  242.464
11:43:30.810,  -0.1303,   0.2501,   0.2216,   0.3587,  228.437,  242.464
11:43:30.811,  -0.1303,   0.2501,   0.2214,   0.3585,  228.482,  242.484
11:43:30.812,  -0.1303,   0.2501,   0.2214,   0.3585,  228.482,  242.484
11:43:30.813,  -0.1303,   0.2501,   0.2214,   0.3585,  228.482,  242.484
11:43:31.139,  -0.1303,   0.2502,   0.2214,   0.3586,  228.482,  242.484
11:43:31.140,  -0.1303,   0.2502,   0.2214,   0.3586,  228.492,  242.492
11:43:31.141,  -0.1303,   0.2502,   0.2214,   0.3586,  228.492,  242.492
11:43:31.249,  -0.1302,   0.2502,   0.2214,   0.3586,  228.492,  242.492
11:43:31.463,  -0.1302,   0.2501,   0.2214,   0.3585,  228.492,  242.492
11:43:31.464,  -0.1302,   0.2501,   0.2215,   0.3586,  228.473,  242.503
11:43:31.588,  -0.1302,   0.2501,   0.2215,   0.3586,  228.473,  242.503
11:43:31.589,  -0.1302,   0.2501,   0.2215,   0.3586,  228.473,  242.503
11:43:31.803,  -0.1302,   0.2500,   0.2215,   0.3585,  228.473,  242.503
11:43:31.913,  -0.1302,   0.2500,   0.2214,   0.3584,  228.471,  242.481
11:43:31.913,  -0.1302,   0.2500,   0.2214,   0.3584,  228.471,  242.481
11:43:31.914,  -0.1303,   0.2500,   0.2214,   0.3585,  228.471,  242.481
11:43:32.241,  -0.1303,   0.2499,   0.2214,   0.3584,  228.471,  242.481
11:43:32.242,  -0.1303,   0.2499,   0.2214,   0.3584,  228.464,  242.464
11:43:32.243,  -0.1303,   0.2499,   0.2214,   0.3584,  228.464,  242.464
11:43:32.244,  -0.1303,   0.2499,   0.2214,   0.3584,  228.464,  242.464
11:43:32.566,  -0.1303,   0.2500,   0.2214,   0.3585,  228.464,  242.464
11:43:32.567,  -0.1303,   0.2500,   0.2215,   0.3585,  228.460,  242.461
11:43:32.568,  -0.1303,   0.2500,   0.2215,   0.3585,  228.460,  242.461
11:43:32.569,  -0.1302,   0.2500,   0.2215,   0.3585,  228.460,  242.461
11:43:32.893,  -0.1302,   0.2500,   0.2215,   0.3585,  228.460,  242.461
11:43:32.894,  -0.1302,   0.2500,   0.2213,   0.3584,  228.483,  242.486
11:43:32.895,  -0.1302,   0.2500,   0.2213,   0.3584,  228.483,  242.486
11:43:32.897,  -0.1302,   0.2500,   0.2213,   0.3584,  228.483,  242.486
11:43:33.219,  -0.1302,   0.2501,   0.2213,   0.3585,  228.483,  242.486
11:43:33.221,  -0.1302,   0.2501,   0.2215,   0.3586,  228.470,  242.489
11:43:33.328,  -0.1302,   0.2501,   0.2215,   0.3586,  228.470,  242.489
11:43:33.329,  -0.1302,   0.2501,   0.2215,   0.3586,  228.470,  242.489
11:43:33.542,  -0.1302,   0.2500,   0.2215,   0.3585,  228.470,  242.489
11:43:33.544,  -0.1302,   0.2500,   0.2215,   0.3585,  228.456,  242.478
11:43:33.666,  -0.1302,   0.2500,   0.2215,   0.3585,  228.456,  242.478
11:43:33.667,  -0.1302,   0.2500,   0.2215,   0.3585,  228.456,  242.478
11:43:33.884,  -0.1302,   0.2499,   0.2215,   0.3584,  228.456,  242.478
11:43:33.994,  -0.1302,   0.2499,   0.2214,   0.3584,  228.465,  242.472
11:43:34.000,  -0.1302,   0.2499,   0.2214,   0.3584,  228.465,  242.472
11:43:34.001,  -0.1303,   0.2499,   0.2214,   0.3584,  228.465,  242.472
11:43:34.318,  -0.1303,   0.2500,   0.2214,   0.3584,  228.465,  242.472
11:43:34.319,  -0.1303,   0.2500,   0.2214,   0.3584,  228.468,  242.472
11:43:34.320,  -0.1303,   0.2500,   0.2214,   0.3584,  228.468,  242.472
11:43:34.321,  -0.1302,   0.2500,   0.2214,   0.3584,  228.468,  242.472
11:43:34.643,  -0.1302,   0.2500,   0.2214,   0.3585,  228.468,  242.472
11:43:34.644,  -0.1302,   0.2500,   0.2213,   0.3584,  228.486,  242.489
11:43:34.645,  -0.1302,   0.2500,   0.2213,   0.3584,  228.486,  242.489
11:43:34.646,  -0.1303,   0.2500,   0.2213,   0.3584,  228.486,  242.489
11:43:34.968,  -0.1303,   0.2500,   0.2213,   0.3584,  228.486,  242.489
11:43:34.968,  -0.1303,   0.2500,   0.2214,   0.3584,  228.472,  242.472
11:43:34.969,  -0.1303,   0.2500,   0.2214,   0.3584,  228.472,  242.472
11:43:34.970,  -0.1302,   0.2500,   0.2214,   0.3584,  228.472,  242.472
11:43:35.295,  -0.1302,   0.2501,   0.2214,   0.3585,  228.472,  242.472
11:43:35.297,  -0.1302,   0.2501,   0.2214,   0.3585,  228.481,  242.503
11:43:35.404,  -0.1302,   0.2501,   0.2214,   0.3585,  228.481,  242.503
11:43:35.406,  -0.1302,   0.2501,   0.2214,   0.3585,  228.481,  242.503
11:43:35.633,  -0.1302,   0.2499,   0.2214,   0.3584,  228.481,  242.503
11:43:35.634,  -0.1302,   0.2499,   0.2216,   0.3585,  228.445,  242.480
11:43:35.743,  -0.1302,   0.2499,   0.2216,   0.3585,  228.445,  242.480
11:43:35.745,  -0.1302,   0.2499,   0.2216,   0.3585,  228.445,  242.480
11:43:35.958,  -0.1302,   0.2500,   0.2216,   0.3585,  228.445,  242.480
11:43:36.066,  -0.1302,   0.2500,   0.2215,   0.3585,  228.463,  242.486
11:43:36.067,  -0.1302,   0.2500,   0.2215,   0.3585,  228.463,  242.486
11:43:36.068,  -0.1303,   0.2500,   0.2215,   0.3585,  228.463,  242.486
11:43:36.390,  -0.1303,   0.2499,   0.2215,   0.3585,  228.463,  242.486
11:43:36.391,  -0.1303,   0.2499,   0.2215,   0.3585,  228.453,  242.469
11:43:36.392,  -0.1303,   0.2499,   0.2215,   0.3585,  228.453,  242.469
11:43:36.393,  -0.1303,   0.2499,   0.2215,   0.3585,  228.453,  242.469
11:43:36.717,  -0.1303,   0.2500,   0.2215,   0.3586,  228.453,  242.469
11:43:36.718,  -0.1303,   0.2500,   0.2214,   0.3585,  228.479,  242.467
11:43:36.719,  -0.1303,   0.2500,   0.2214,   0.3585,  228.479,  242.467
11:43:36.720,  -0.1304,   0.2500,   0.2214,   0.3585,  228.479,  242.467
11:43:37.043,  -0.1304,   0.2501,   0.2214,   0.3585,  228.479,  242.467
11:43:37.044,  -0.1304,   0.2501,   0.2213,   0.3585,  228.490,  242.467
11:43:37.045,  -0.1304,   0.2501,   0.2213,   0.3585,  228.490,  242.467
11:43:37.046,  -0.1303,   0.2501,   0.2213,   0.3585,  228.490,  242.467
11:43:37.382,  -0.1303,   0.2500,   0.2213,   0.3584,  228.490,  242.467
11:43:37.383,  -0.1303,   0.2500,   0.2215,   0.3585,  228.456,  242.470
11:43:37.384,  -0.1303,   0.2500,   0.2215,   0.3585,  228.456,  242.470
11:43:37.489,  -0.1304,   0.2500,   0.2215,   0.3586,  228.456,  242.470
11:43:37.706,  -0.1304,   0.2500,   0.2215,   0.3586,  228.456,  242.470
11:43:37.815,  -0.1304,   0.2500,   0.2213,   0.3584,  228.476,  242.450
11:43:37.816,  -0.1304,   0.2500,   0.2213,   0.3584,  228.476,  242.450
11:43:37.817,  -0.1305,   0.2500,   0.2213,   0.3585,  228.476,  242.450
11:43:38.038,  -0.1305,   0.2498,   0.2213,   0.3584,  228.476,  242.450
11:43:38.143,  -0.1305,   0.2498,   0.2212,   0.3583,  228.477,  242.428
11:43:38.144,  -0.1305,   0.2498,   0.2212,   0.3583,  228.477,  242.428
11:43:38.145,  -0.1305,   0.2498,   0.2212,   0.3583,  228.477,  242.428
11:43:38.469,  -0.1305,   0.2498,   0.2212,   0.3583,  228.477,  242.428
11:43:38.470,  -0.1305,   0.2498,   0.2211,   0.3582,  228.486,  242.411
11:43:38.471,  -0.1305,   0.2498,   0.2211,   0.3582,  228.486,  242.411
11:43:38.472,  -0.1306,   0.2498,   0.2211,   0.3582,  228.486,  242.411
11:43:38.793,  -0.1306,   0.2498,   0.2211,   0.3583,  228.486,  242.411
11:43:38.794,  -0.1306,   0.2498,   0.2209,   0.3581,  228.521,  242.406
11:43:38.796,  -0.1306,   0.2498,   0.2209,   0.3581,  228.521,  242.406
11:43:38.797,  -0.1305,   0.2498,   0.2209,   0.3581,  228.521,  242.406
11:43:39.134,  -0.1305,   0.2499,   0.2209,   0.3582,  228.521,  242.406
11:43:39.135,  -0.1305,   0.2499,   0.2209,   0.3582,  228.528,  242.423
11:43:39.136,  -0.1305,   0.2499,   0.2209,   0.3582,  228.528,  242.423
11:43:39.240,  -0.1305,   0.2499,   0.2209,   0.3581,  228.528,  242.423
11:43:39.455,  -0.1305,   0.2498,   0.2209,   0.3581,  228.528,  242.423
11:43:39.456,  -0.1305,   0.2498,   0.2209,   0.3581,  228.517,  242.428
11:43:39.458,  -0.1305,   0.2498,   0.2209,   0.3581,  228.517,  242.428
11:43:39.565,  -0.1305,   0.2498,   0.2209,   0.3581,  228.517,  242.428
11:43:39.784,  -0.1305,   0.2498,   0.2209,   0.3581,  228.517,  242.428
11:43:39.894,  -0.1305,   0.2498,   0.2209,   0.3581,  228.517,  242.419
11:43:39.895,  -0.1305,   0.2498,   0.2209,   0.3581,  228.517,  242.419
11:43:39.897,  -0.1306,   0.2498,   0.2209,   0.3581,  228.517,  242.419
11:43:40.113,  -0.1306,   0.2497,   0.2209,   0.3580,  228.517,  242.419
11:43:40.225,  -0.1306,   0.2497,   0.2208,   0.3580,  228.515,  242.383
11:43:40.227,  -0.1306,   0.2497,   0.2208,   0.3580,  228.515,  242.383
11:43:40.228,  -0.1306,   0.2497,   0.2208,   0.3579,  228.515,  242.383
11:43:40.548,  -0.1306,   0.2498,   0.2208,   0.3580,  228.515,  242.383
11:43:40.549,  -0.1306,   0.2498,   0.2209,   0.3581,  228.521,  242.403
11:43:40.550,  -0.1306,   0.2498,   0.2209,   0.3581,  228.521,  242.403
11:43:40.551,  -0.1305,   0.2498,   0.2209,   0.3581,  228.521,  242.403
11:43:40.876,  -0.1305,   0.2498,   0.2209,   0.3581,  228.521,  242.403
11:43:40.877,  -0.1305,   0.2498,   0.2209,   0.3581,  228.509,  242.414
11:43:40.879,  -0.1305,   0.2498,   0.2209,   0.3581,  228.509,  242.414
11:43:40.880,  -0.1306,   0.2498,   0.2209,   0.3581,  228.509,  242.414
11:43:41.200,  -0.1306,   0.2498,   0.2209,   0.3581,  228.509,  242.414
11:43:41.201,  -0.1306,   0.2498,   0.2209,   0.3581,  228.517,  242.408
11:43:41.202,  -0.1306,   0.2498,   0.2209,   0.3581,  228.517,  242.408
11:43:41.310,  -0.1305,   0.2498,   0.2209,   0.3581,  228.517,  242.408
11:43:41.527,  -0.1305,   0.2498,   0.2209,   0.3581,  228.517,  242.408
11:43:41.530,  -0.1305,   0.2498,   0.2209,   0.3581,  228.521,  242.425
11:43:41.637,  -0.1305,   0.2498,   0.2209,   0.3581,  228.521,  242.425
11:43:41.638,  -0.1306,   0.2498,   0.2209,   0.3581,  228.521,  242.425
11:43:41.870,  -0.1306,   0.2498,   0.2209,   0.3580,  228.521,  242.425
11:43:41.871,  -0.1306,   0.2498,   0.2209,   0.3580,  228.514,  242.403
11:43:41.976,  -0.1306,   0.2498,   0.2209,   0.3580,  228.514,  242.403
11:43:41.978,  -0.1305,   0.2498,   0.2209,   0.3580,  228.514,  242.403
11:43:42.195,  -0.1305,   0.2497,   0.2209,   0.3580,  228.514,  242.403
11:43:42.303,  -0.1305,   0.2497,   0.2210,   0.3581,  228.488,  242.402
11:43:42.304,  -0.1305,   0.2497,   0.2210,   0.3581,  228.488,  242.402
11:43:42.305,  -0.1304,   0.2497,   0.2210,   0.3581,  228.488,  242.402
11:43:42.633,  -0.1304,   0.2498,   0.2210,   0.3582,  228.488,  242.402
11:43:42.634,  -0.1304,   0.2498,   0.2209,   0.3581,  228.521,  242.433
11:43:42.635,  -0.1304,   0.2498,   0.2209,   0.3581,  228.521,  242.433
11:43:42.636,  -0.1305,   0.2498,   0.2209,   0.3581,  228.521,  242.433
11:43:42.962,  -0.1305,   0.2498,   0.2209,   0.3581,  228.521,  242.433
11:43:42.963,  -0.1305,   0.2498,   0.2209,   0.3581,  228.506,  242.411
11:43:42.964,  -0.1305,   0.2498,   0.2209,   0.3581,  228.506,  242.411
11:43:42.965,  -0.1305,   0.2498,   0.2209,   0.3581,  228.506,  242.411
11:43:43.288,  -0.1305,   0.2498,   0.2209,   0.3581,  228.506,  242.411
11:43:43.289,  -0.1305,   0.2498,   0.2209,   0.3581,  228.517,  242.419
11:43:43.290,  -0.1305,   0.2498,   0.2209,   0.3581,  228.517,  242.419
11:43:43.397,  -0.1305,   0.2498,   0.2209,   0.3581,  228.517,  242.419
11:43:43.614,  -0.1305,   0.2498,   0.2209,   0.3581,  228.517,  242.419
11:43:43.615,  -0.1305,   0.2498,   0.2210,   0.3581,  228.502,  242.417
11:43:43.720,  -0.1305,   0.2498,   0.2210,   0.3581,  228.502,  242.417
11:43:43.721,  -0.1305,   0.2498,   0.2210,   0.3581,  228.502,  242.417
11:43:43.937,  -0.1305,   0.2497,   0.2210,   0.3581,  228.502,  242.417
11:43:44.046,  -0.1305,   0.2497,   0.2209,   0.3581,  228.499,  242.411
11:43:44.047,  -0.1305,   0.2497,   0.2209,   0.3581,  228.499,  242.411
11:43:44.049,  -0.1306,   0.2497,   0.2209,   0.3581,  228.499,  242.411
11:43:44.384,  -0.1306,   0.2497,   0.2209,   0.3580,  228.499,  242.411
11:43:44.385,  -0.1306,   0.2497,   0.2210,   0.3581,  228.488,  242.394
11:43:44.386,  -0.1306,   0.2497,   0.2210,   0.3581,  228.488,  242.394
11:43:44.387,  -0.1306,   0.2497,   0.2210,   0.3581,  228.488,  242.394
11:43:44.713,  -0.1306,   0.2498,   0.2210,   0.3582,  228.488,  242.394
11:43:44.714,  -0.1306,   0.2498,   0.2208,   0.3580,  228.529,  242.400
11:43:44.715,  -0.1306,   0.2498,   0.2208,   0.3580,  228.529,  242.400
11:43:44.717,  -0.1305,   0.2498,   0.2208,   0.3580,  228.529,  242.400
11:43:45.036,  -0.1305,   0.2498,   0.2208,   0.3580,  228.529,  242.400
11:43:45.038,  -0.1305,   0.2498,   0.2209,   0.3581,  228.525,  242.417
11:43:45.039,  -0.1305,   0.2498,   0.2209,   0.3581,  228.525,  242.417
11:43:45.041,  -0.1304,   0.2498,   0.2209,   0.3581,  228.525,  242.417
11:43:45.364,  -0.1304,   0.2498,   0.2209,   0.3580,  228.525,  242.417
11:43:45.365,  -0.1304,   0.2498,   0.2210,   0.3581,  228.505,  242.430
11:43:45.366,  -0.1304,   0.2498,   0.2210,   0.3581,  228.505,  242.430
11:43:45.471,  -0.1304,   0.2498,   0.2210,   0.3581,  228.505,  242.430
11:43:45.688,  -0.1304,   0.2498,   0.2210,   0.3581,  228.505,  242.430
11:43:45.796,  -0.1304,   0.2498,   0.2209,   0.3580,  228.506,  242.425
11:43:45.798,  -0.1304,   0.2498,   0.2209,   0.3580,  228.506,  242.425
11:43:45.799,  -0.1306,   0.2498,   0.2209,   0.3581,  228.506,  242.425
11:43:46.013,  -0.1306,   0.2498,   0.2209,   0.3581,  228.506,  242.425
11:43:46.121,  -0.1306,   0.2498,   0.2208,   0.3580,  228.518,  242.403
11:43:46.122,  -0.1306,   0.2498,   0.2208,   0.3580,  228.518,  242.403
11:43:46.123,  -0.1306,   0.2498,   0.2208,   0.3581,  228.518,  242.403
11:43:46.461,  -0.1306,   0.2496,   0.2208,   0.3580,  228.518,  242.403
11:43:46.462,  -0.1306,   0.2496,   0.2208,   0.3580,  228.504,  242.375
11:43:46.462,  -0.1306,   0.2496,   0.2208,   0.3580,  228.504,  242.375
11:43:46.463,  -0.1305,   0.2496,   0.2208,   0.3579,  228.504,  242.375
11:43:46.787,  -0.1305,   0.2499,   0.2208,   0.3581,  228.504,  242.375
11:43:46.788,  -0.1305,   0.2499,   0.2208,   0.3581,  228.539,  242.428
11:43:46.788,  -0.1305,   0.2499,   0.2208,   0.3581,  228.539,  242.428
11:43:46.788,  -0.1305,   0.2499,   0.2208,   0.3581,  228.539,  242.428
11:43:47.114,  -0.1305,   0.2499,   0.2208,   0.3581,  228.539,  242.428
11:43:47.115,  -0.1305,   0.2499,   0.2209,   0.3581,  228.528,  242.425
11:43:47.115,  -0.1305,   0.2499,   0.2209,   0.3581,  228.528,  242.425
11:43:47.116,  -0.1305,   0.2499,   0.2209,   0.3581,  228.528,  242.425
11:43:47.441,  -0.1305,   0.2499,   0.2209,   0.3582,  228.528,  242.425
11:43:47.441,  -0.1305,   0.2499,   0.2209,   0.3582,  228.523,  242.431
11:43:47.548,  -0.1305,   0.2499,   0.2209,   0.3582,  228.523,  242.431
11:43:47.549,  -0.1305,   0.2499,   0.2209,   0.3582,  228.523,  242.431
11:43:47.768,  -0.1305,   0.2498,   0.2209,   0.3581,  228.523,  242.431
11:43:47.769,  -0.1305,   0.2498,   0.2209,   0.3581,  228.510,  242.411
11:43:47.876,  -0.1305,   0.2498,   0.2209,   0.3581,  228.510,  242.411
11:43:47.877,  -0.1305,   0.2498,   0.2209,   0.3581,  228.510,  242.411
11:43:48.091,  -0.1305,   0.2498,   0.2209,   0.3581,  228.510,  242.411
11:43:48.309,  -0.1305,   0.2498,   0.2210,   0.3581,  228.502,  242.411
11:43:48.310,  -0.1305,   0.2498,   0.2210,   0.3581,  228.502,  242.411
11:43:48.310,  -0.1306,   0.2498,   0.2210,   0.3582,  228.502,  242.411
11:43:48.539,  -0.1306,   0.2497,   0.2210,   0.3581,  228.502,  242.411
11:43:48.539,  -0.1306,   0.2497,   0.2210,   0.3581,  228.488,  242.391
11:43:48.540,  -0.1306,   0.2497,   0.2210,   0.3581,  228.488,  242.391
11:43:48.540,  -0.1305,   0.2497,   0.2210,   0.3581,  228.488,  242.391
11:43:48.864,  -0.1305,   0.2498,   0.2210,   0.3581,  228.488,  242.391
11:43:48.865,  -0.1305,   0.2498,   0.2208,   0.3580,  228.518,  242.408
11:43:48.865,  -0.1305,   0.2498,   0.2208,   0.3580,  228.518,  242.408
11:43:48.866,  -0.1305,   0.2498,   0.2208,   0.3580,  228.518,  242.408
11:43:49.192,  -0.1305,   0.2498,   0.2208,   0.3581,  228.518,  242.408
11:43:49.192,  -0.1305,   0.2498,   0.2209,   0.3581,  228.521,  242.414
11:43:49.193,  -0.1305,   0.2498,   0.2209,   0.3581,  228.521,  242.414
11:43:49.193,  -0.1305,   0.2498,   0.2209,   0.3581,  228.521,  242.414
11:43:49.520,  -0.1305,   0.2498,   0.2209,   0.3581,  228.521,  242.414
11:43:49.520,  -0.1305,   0.2498,   0.2209,   0.3581,  228.517,  242.414
11:43:49.629,  -0.1305,   0.2498,   0.2209,   0.3581,  228.517,  242.414
11:43:49.630,  -0.1306,   0.2498,   0.2209,   0.3581,  228.517,  242.414
11:43:49.844,  -0.1306,   0.2498,   0.2209,   0.3581,  228.517,  242.414
11:43:49.952,  -0.1306,   0.2498,   0.2209,   0.3581,  228.506,  242.406
11:43:49.953,  -0.1306,   0.2498,   0.2209,   0.3581,  228.506,  242.406
11:43:49.953,  -0.1305,   0.2498,   0.2209,   0.3581,  228.506,  242.406
11:43:50.167,  -0.1305,   0.2498,   0.2209,   0.3581,  228.506,  242.406
11:43:50.399,  -0.1305,   0.2498,   0.2209,   0.3581,  228.510,  242.408
11:43:50.400,  -0.1305,   0.2498,   0.2209,   0.3581,  228.510,  242.408
11:43:50.401,  -0.1306,   0.2498,   0.2209,   0.3581,  228.510,  242.408
11:43:50.619,  -0.1306,   0.2498,   0.2209,   0.3581,  228.510,  242.408
11:43:50.619,  -0.1306,   0.2498,   0.2209,   0.3581,  228.521,  242.403
11:43:50.620,  -0.1306,   0.2498,   0.2209,   0.3581,  228.521,  242.403
11:43:50.620,  -0.1305,   0.2498,   0.2209,   0.3581,  228.521,  242.403
11:43:50.941,  -0.1305,   0.2498,   0.2209,   0.3580,  228.521,  242.403
11:43:50.942,  -0.1305,   0.2498,   0.2209,   0.3580,  228.510,  242.419
11:43:50.942,  -0.1305,   0.2498,   0.2209,   0.3580,  228.510,  242.419
11:43:50.943,  -0.1305,   0.2498,   0.2209,   0.3580,  228.510,  242.419
11:43:51.271,  -0.1305,   0.2499,   0.2209,   0.3581,  228.510,  242.419
11:43:51.271,  -0.1305,   0.2499,   0.2208,   0.3581,  228.532,  242.425
11:43:51.272,  -0.1305,   0.2499,   0.2208,   0.3581,  228.532,  242.425
11:43:51.272,  -0.1304,   0.2499,   0.2208,   0.3581,  228.532,  242.425
11:43:51.597,  -0.1304,   0.2498,   0.2208,   0.3581,  228.532,  242.425
11:43:51.598,  -0.1304,   0.2498,   0.2210,   0.3582,  228.505,  242.433
11:43:51.705,  -0.1304,   0.2498,   0.2210,   0.3582,  228.505,  242.433
11:43:51.705,  -0.1305,   0.2498,   0.2210,   0.3582,  228.505,  242.433
11:43:51.922,  -0.1305,   0.2498,   0.2210,   0.3581,  228.505,  242.433
11:43:52.030,  -0.1305,   0.2498,   0.2209,   0.3580,  228.510,  242.414
11:43:52.031,  -0.1305,   0.2498,   0.2209,   0.3580,  228.510,  242.414
11:43:52.031,  -0.1306,   0.2498,   0.2209,   0.3581,  228.510,  242.414
11:43:52.358,  -0.1306,   0.2498,   0.2209,   0.3581,  228.510,  242.414
11:43:52.359,  -0.1306,   0.2498,   0.2209,   0.3581,  228.506,  242.392
11:43:52.359,  -0.1306,   0.2498,   0.2209,   0.3581,  228.506,  242.392
11:43:52.359,  -0.1306,   0.2498,   0.2209,   0.3581,  228.506,  242.392
11:43:52.686,  -0.1306,   0.2497,   0.2209,   0.3581,  228.506,  242.392
11:43:52.687,  -0.1306,   0.2497,   0.2209,   0.3581,  228.499,  242.389
11:43:52.687,  -0.1306,   0.2497,   0.2209,   0.3581,  228.499,  242.389
11:43:52.687,  -0.1305,   0.2497,   0.2209,   0.3581,  228.499,  242.389
11:43:53.013,  -0.1305,   0.2498,   0.2209,   0.3581,  228.499,  242.389
11:43:53.013,  -0.1305,   0.2498,   0.2209,   0.3581,  228.517,  242.419
11:43:53.013,  -0.1305,   0.2498,   0.2209,   0.3581,  228.517,  242.419
11:43:53.014,  -0.1305,   0.2498,   0.2209,   0.3581,  228.517,  242.419
11:43:53.351,  -0.1305,   0.2499,   0.2209,   0.3582,  228.517,  242.419
11:43:53.352,  -0.1305,   0.2499,   0.2208,   0.3581,  228.539,  242.428
11:43:53.352,  -0.1305,   0.2499,   0.2208,   0.3581,  228.539,  242.428
11:43:53.459,  -0.1306,   0.2499,   0.2208,   0.3581,  228.539,  242.428
11:43:53.674,  -0.1306,   0.2497,   0.2208,   0.3580,  228.539,  242.428
11:43:53.675,  -0.1306,   0.2497,   0.2209,   0.3580,  228.507,  242.400
11:43:53.783,  -0.1306,   0.2497,   0.2209,   0.3580,  228.507,  242.400
11:43:53.784,  -0.1305,   0.2497,   0.2209,   0.3580,  228.507,  242.400
11:43:53.998,  -0.1305,   0.2498,   0.2209,   0.3581,  228.507,  242.400
11:43:54.108,  -0.1305,   0.2498,   0.2209,   0.3581,  228.510,  242.408
11:43:54.108,  -0.1305,   0.2498,   0.2209,   0.3581,  228.510,  242.408
11:43:54.109,  -0.1306,   0.2498,   0.2209,   0.3581,  228.510,  242.408
11:43:54.433,  -0.1306,   0.2497,   0.2209,   0.3580,  228.510,  242.408
11:43:54.434,  -0.1306,   0.2497,   0.2209,   0.3581,  228.496,  242.378
11:43:54.434,  -0.1306,   0.2497,   0.2209,   0.3581,  228.496,  242.378
11:43:54.435,  -0.1306,   0.2497,   0.2209,   0.3580,  228.496,  242.378
11:43:54.772,  -0.1306,   0.2498,   0.2209,   0.3581,  228.496,  242.378
11:43:54.772,  -0.1306,   0.2498,   0.2209,   0.3581,  228.518,  242.406
11:43:54.774,  -0.1306,   0.2498,   0.2209,   0.3581,  228.518,  242.406
11:43:54.774,  -0.1306,   0.2498,   0.2209,   0.3581,  228.518,  242.406
11:43:55.099,  -0.1306,   0.2498,   0.2209,   0.3581,  228.518,  242.406
11:43:55.100,  -0.1306,   0.2498,   0.2207,   0.3580,  228.537,  242.408
11:43:55.101,  -0.1306,   0.2498,   0.2207,   0.3580,  228.537,  242.408
11:43:55.101,  -0.1306,   0.2498,   0.2207,   0.3580,  228.537,  242.408
11:43:55.426,  -0.1306,   0.2498,   0.2207,   0.3580,  228.537,  242.408
11:43:55.426,  -0.1306,   0.2498,   0.2209,   0.3581,  228.521,  242.411
11:43:55.427,  -0.1306,   0.2498,   0.2209,   0.3581,  228.521,  242.411
11:43:55.535,  -0.1305,   0.2498,   0.2209,   0.3581,  228.521,  242.411
11:43:55.751,  -0.1305,   0.2498,   0.2209,   0.3581,  228.521,  242.411
11:43:55.751,  -0.1305,   0.2498,   0.2209,   0.3581,  228.518,  242.411
11:43:55.860,  -0.1305,   0.2498,   0.2209,   0.3581,  228.518,  242.411
11:43:55.860,  -0.1306,   0.2498,   0.2209,   0.3581,  228.518,  242.411
11:43:56.074,  -0.1306,   0.2498,   0.2209,   0.3581,  228.518,  242.411
11:43:56.292,  -0.1306,   0.2498,   0.2209,   0.3581,  228.510,  242.397
11:43:56.293,  -0.1306,   0.2498,   0.2209,   0.3581,  228.510,  242.397
11:43:56.293,  -0.1306,   0.2498,   0.2209,   0.3581,  228.510,  242.397
11:43:56.511,  -0.1306,   0.2496,   0.2209,   0.3580,  228.510,  242.397
11:43:56.511,  -0.1306,   0.2496,   0.2209,   0.3580,  228.500,  242.391
11:43:56.512,  -0.1306,   0.2496,   0.2209,   0.3580,  228.500,  242.391
11:43:56.513,  -0.1306,   0.2496,   0.2209,   0.3580,  228.500,  242.391
11:43:56.852,  -0.1306,   0.2498,   0.2209,   0.3581,  228.500,  242.391
11:43:56.852,  -0.1306,   0.2498,   0.2208,   0.3581,  228.529,  242.403
11:43:56.853,  -0.1306,   0.2498,   0.2208,   0.3581,  228.529,  242.403
11:43:56.853,  -0.1305,   0.2498,   0.2208,   0.3580,  228.529,  242.403
11:43:57.176,  -0.1305,   0.2498,   0.2208,   0.3580,  228.529,  242.403
11:43:57.176,  -0.1305,   0.2498,   0.2210,   0.3582,  228.505,  242.414
11:43:57.177,  -0.1305,   0.2498,   0.2210,   0.3582,  228.505,  242.414
11:43:57.177,  -0.1305,   0.2498,   0.2210,   0.3582,  228.505,  242.414
11:43:57.501,  -0.1305,   0.2498,   0.2210,   0.3582,  228.505,  242.414
11:43:57.502,  -0.1305,   0.2498,   0.2209,   0.3581,  228.517,  242.417
11:43:57.609,  -0.1305,   0.2498,   0.2209,   0.3581,  228.517,  242.417
11:43:57.610,  -0.1305,   0.2498,   0.2209,   0.3581,  228.517,  242.417
11:43:57.824,  -0.1305,   0.2496,   0.2209,   0.3580,  228.517,  242.417
11:43:57.934,  -0.1305,   0.2496,   0.2209,   0.3580,  228.488,  242.397
11:43:57.934,  -0.1305,   0.2496,   0.2209,   0.3580,  228.488,  242.397
11:43:57.935,  -0.1305,   0.2496,   0.2209,   0.3580,  228.488,  242.397
11:43:58.167,  -0.1305,   0.2497,   0.2209,   0.3581,  228.488,  242.397
11:43:58.291,  -0.1305,   0.2497,   0.2208,   0.3580,  228.515,  242.402
11:43:58.292,  -0.1305,   0.2497,   0.2208,   0.3580,  228.515,  242.402
11:43:58.292,  -0.1306,   0.2497,   0.2208,   0.3580,  228.515,  242.402
11:43:58.509,  -0.1306,   0.2497,   0.2208,   0.3580,  228.515,  242.402
11:43:58.617,  -0.1306,   0.2497,   0.2208,   0.3580,  228.515,  242.400
11:43:58.618,  -0.1306,   0.2497,   0.2208,   0.3580,  228.515,  242.400
11:43:58.618,  -0.1306,   0.2497,   0.2208,   0.3580,  228.515,  242.400
11:43:58.945,  -0.1306,   0.2498,   0.2208,   0.3581,  228.515,  242.400
11:43:58.945,  -0.1306,   0.2498,   0.2208,   0.3580,  228.533,  242.403
11:43:58.945,  -0.1306,   0.2498,   0.2208,   0.3580,  228.533,  242.403
11:43:58.947,  -0.1306,   0.2498,   0.2208,   0.3580,  228.533,  242.403
11:43:59.268,  -0.1306,   0.2497,   0.2208,   0.3580,  228.533,  242.403
11:43:59.269,  -0.1306,   0.2497,   0.2209,   0.3580,  228.511,  242.394
11:43:59.269,  -0.1306,   0.2497,   0.2209,   0.3580,  228.511,  242.394
11:43:59.270,  -0.1305,   0.2497,   0.2209,   0.3580,  228.511,  242.394
11:43:59.592,  -0.1305,   0.2498,   0.2209,   0.3581,  228.511,  242.394
11:43:59.592,  -0.1305,   0.2498,   0.2208,   0.3580,  228.532,  242.428
11:43:59.593,  -0.1305,   0.2498,   0.2208,   0.3580,  228.532,  242.428
11:43:59.700,  -0.1305,   0.2498,   0.2208,   0.3580,  228.532,  242.428
11:43:59.919,  -0.1305,   0.2498,   0.2208,   0.3580,  228.532,  242.428
11:43:59.920,  -0.1305,   0.2498,   0.2209,   0.3581,  228.514,  242.422
11:44:00.027,  -0.1305,   0.2498,   0.2209,   0.3581,  228.514,  242.422
11:44:00.027,  -0.1306,   0.2498,   0.2209,   0.3581,  228.514,  242.422
11:44:00.245,  -0.1306,   0.2498,   0.2209,   0.3581,  228.514,  242.422
11:44:00.354,  -0.1306,   0.2498,   0.2209,   0.3581,  228.510,  242.403
11:44:00.354,  -0.1306,   0.2498,   0.2209,   0.3581,  228.510,  242.403
11:44:00.355,  -0.1306,   0.2498,   0.2209,   0.3581,  228.510,  242.403
11:44:00.697,  -0.1306,   0.2497,   0.2209,   0.3580,  228.510,  242.403
11:44:00.698,  -0.1306,   0.2497,   0.2209,   0.3581,  228.492,  242.389
11:44:00.698,  -0.1306,   0.2497,   0.2209,   0.3581,  228.492,  242.389
11:44:00.699,  -0.1305,   0.2497,   0.2209,   0.3580,  228.492,  242.389
11:44:01.028,  -0.1305,   0.2498,   0.2209,   0.3581,  228.492,  242.389
11:44:01.028,  -0.1305,   0.2498,   0.2209,   0.3581,  228.521,  242.422
11:44:01.029,  -0.1305,   0.2498,   0.2209,   0.3581,  228.521,  242.422
11:44:01.029,  -0.1305,   0.2498,   0.2209,   0.3581,  228.521,  242.422
11:44:01.367,  -0.1305,   0.2498,   0.2209,   0.3581,  228.521,  242.422
11:44:01.368,  -0.1305,   0.2498,   0.2209,   0.3581,  228.525,  242.417
11:44:01.368,  -0.1305,   0.2498,   0.2209,   0.3581,  228.525,  242.417
11:44:01.369,  -0.1306,   0.2498,   0.2209,   0.3581,  228.525,  242.417
11:44:01.696,  -0.1306,   0.2499,   0.2209,   0.3581,  228.525,  242.417
11:44:01.696,  -0.1306,   0.2499,   0.2209,   0.3582,  228.516,  242.409
11:44:01.697,  -0.1306,   0.2499,   0.2209,   0.3582,  228.516,  242.409
11:44:01.697,  -0.1306,   0.2499,   0.2209,   0.3582,  228.516,  242.409
11:44:02.025,  -0.1306,   0.2497,   0.2209,   0.3581,  228.516,  242.409
11:44:02.025,  -0.1306,   0.2497,   0.2209,   0.3580,  228.507,  242.391
11:44:02.026,  -0.1306,   0.2497,   0.2209,   0.3580,  228.507,  242.391
11:44:02.134,  -0.1305,   0.2497,   0.2209,   0.3580,  228.507,  242.391
11:44:02.349,  -0.1305,   0.2496,   0.2209,   0.3579,  228.507,  242.391
11:44:02.349,  -0.1305,   0.2496,   0.2208,   0.3579,  228.504,  242.408
11:44:02.460,  -0.1305,   0.2496,   0.2208,   0.3579,  228.504,  242.408
11:44:02.460,  -0.1306,   0.2496,   0.2208,   0.3579,  228.504,  242.408
11:44:02.674,  -0.1306,   0.2498,   0.2208,   0.3581,  228.504,  242.408
11:44:02.782,  -0.1306,   0.2498,   0.2209,   0.3581,  228.514,  242.406
11:44:02.782,  -0.1306,   0.2498,   0.2209,   0.3581,  228.514,  242.406
11:44:02.783,  -0.1306,   0.2498,   0.2209,   0.3581,  228.514,  242.406
11:44:03.107,  -0.1306,   0.2498,   0.2209,   0.3581,  228.514,  242.406
11:44:03.107,  -0.1306,   0.2498,   0.2208,   0.3580,  228.533,  242.408
11:44:03.107,  -0.1306,   0.2498,   0.2208,   0.3580,  228.533,  242.408
11:44:03.108,  -0.1305,   0.2498,   0.2208,   0.3580,  228.533,  242.408
11:44:03.436,  -0.1305,   0.2498,   0.2208,   0.3580,  228.533,  242.408
11:44:03.437,  -0.1305,   0.2498,   0.2209,   0.3581,  228.521,  242.417
11:44:03.437,  -0.1305,   0.2498,   0.2209,   0.3581,  228.521,  242.417
11:44:03.438,  -0.1305,   0.2498,   0.2209,   0.3581,  228.521,  242.417
11:44:03.765,  -0.1305,   0.2498,   0.2209,   0.3581,  228.521,  242.417
11:44:03.765,  -0.1305,   0.2498,   0.2210,   0.3582,  228.509,  242.428
11:44:03.765,  -0.1305,   0.2498,   0.2210,   0.3582,  228.509,  242.428
11:44:03.872,  -0.1306,   0.2498,   0.2210,   0.3582,  228.509,  242.428
11:44:04.102,  -0.1306,   0.2497,   0.2210,   0.3581,  228.509,  242.428
11:44:04.103,  -0.1306,   0.2497,   0.2208,   0.3580,  228.522,  242.394
11:44:04.104,  -0.1306,   0.2497,   0.2208,   0.3580,  228.522,  242.394
11:44:04.210,  -0.1305,   0.2497,   0.2208,   0.3580,  228.522,  242.394
11:44:04.429,  -0.1305,   0.2498,   0.2208,   0.3580,  228.522,  242.394
11:44:04.429,  -0.1305,   0.2498,   0.2209,   0.3581,  228.506,  242.408
11:44:04.535,  -0.1305,   0.2498,   0.2209,   0.3581,  228.506,  242.408
11:44:04.536,  -0.1305,   0.2498,   0.2209,   0.3581,  228.506,  242.408
11:44:04.754,  -0.1305,   0.2498,   0.2209,   0.3581,  228.506,  242.408
11:44:04.865,  -0.1305,   0.2498,   0.2209,   0.3581,  228.525,  242.428
11:44:04.865,  -0.1305,   0.2498,   0.2209,   0.3581,  228.525,  242.428
11:44:04.866,  -0.1305,   0.2498,   0.2209,   0.3581,  228.525,  242.428
11:44:05.189,  -0.1305,   0.2499,   0.2209,   0.3581,  228.525,  242.428
11:44:05.189,  -0.1305,   0.2499,   0.2209,   0.3582,  228.524,  242.428
11:44:05.190,  -0.1305,   0.2499,   0.2209,   0.3582,  228.524,  242.428
11:44:05.190,  -0.1305,   0.2499,   0.2209,   0.3582,  228.524,  242.428
11:44:05.515,  -0.1305,   0.2499,   0.2209,   0.3581,  228.524,  242.428
11:44:05.515,  -0.1305,   0.2499,   0.2209,   0.3581,  228.520,  242.431
11:44:05.516,  -0.1305,   0.2499,   0.2209,   0.3581,  228.520,  242.431
11:44:05.516,  -0.1305,   0.2499,   0.2209,   0.3582,  228.520,  242.431
11:44:05.839,  -0.1305,   0.2498,   0.2209,   0.3581,  228.520,  242.431
11:44:05.839,  -0.1305,   0.2498,   0.2210,   0.3581,  228.505,  242.419
11:44:05.840,  -0.1305,   0.2498,   0.2210,   0.3581,  228.505,  242.419
11:44:05.948,  -0.1305,   0.2498,   0.2210,   0.3581,  228.505,  242.419
11:44:06.495,  -0.1305,   0.2497,   0.2210,   0.3580,  228.505,  242.419
11:44:06.495,  -0.1305,   0.2497,   0.2209,   0.3580,  228.507,  242.413
11:44:06.496,  -0.1305,   0.2497,   0.2209,   0.3580,  228.507,  242.413
11:44:06.496,  -0.1305,   0.2497,   0.2209,   0.3580,  228.507,  242.413
11:44:06.497,  -0.1305,   0.2497,   0.2209,   0.3580,  228.507,  242.413
